id,title,markdown_file_path,author_id,created_at,category_id,status,description,markdown_content,icon,updated_at,download_count,version,tags,skill_code
643d729a-9af2-4676-bf5b-21d2225f34c8,요구사항정의서,643d729a-9af2-4676-bf5b-21d2225f34c8/mmvarow4_02_.md,44f1d740-87cf-4547-9766-b513f0e042ae,2026-03-05 05:08:27.84398+00,6a3d7c1a-9d15-411b-9b43-96b6e3539b88,published,고객 요구사항을 기능/비기능으로 분류하여 요구사항 정의서를 문서화 합니다.,"# 요구사항정의서(REQ)

고객 인터뷰나 질의서를 바탕으로, 기능/비기능 요구사항을 우선순위와 인수조건까지 포함해 정리한 문서입니다.

## 이런 상황에서 써요

- 고객 질의서(QST) 작성 후 요구사항을 공식 문서로 정리할 때
- 개발팀, 디자인팀에 작업 범위를 공유할 때
- 우선순위를 정하고 일정 계획의 근거를 마련할 때

## 시작하는 방법

1. `plan-req` 폴더에서 Claude Code를 실행합니다 (터미널에 `claude` 입력)
2. `input/` 폴더에 참고 자료(QST 답변, 제안서 등)를 넣어두면 자동으로 참조합니다
3. `output/` 폴더에 QST 산출물이 있으면 자동으로 연결해 FR을 도출합니다

## 어떻게 쓰나요?

다음과 같이 말해보세요.

- ""요구사항 정리해줘""
- ""REQ 만들어줘""
- ""어떤 기능이 필요한지 정리해줘""

## 어떤 결과가 나오나요?

| 항목 | 내용 |
|------|------|
| 기능 요구사항 (FR) | 기능별 ID, 설명, 우선순위, 인수조건 |
| 비기능 요구사항 (NFR) | 성능, 보안, 접근성, 유지보수성 기준 |
| 비즈니스 규칙 | 예외 처리, 정책, 제약사항 |
| 추적성 매트릭스 | 요구사항 → 기능 → 화면 연결 관계 |

## 결과물 저장 위치

`output/{프로젝트명}/{날짜}/REQ_{프로젝트코드}_v1.0.md` + `.html` + `.pdf`
",📋,2026-03-18 05:43:37.330165+00,2,1.0.0,{},10000002
858c2d75-10c3-43c4-a75d-9706daa1811d,일정관리(WBS),858c2d75-10c3-43c4-a75d-9706daa1811d/mmvatcl7_06_WBS.md,44f1d740-87cf-4547-9766-b513f0e042ae,2026-03-05 05:16:56.874141+00,6a3d7c1a-9d15-411b-9b43-96b6e3539b88,published,프로젝트 전체 공수를 산정하고 일정 수립에 대한 내용을 문서화 합니다.,"# 일정관리(WBS)

프로젝트를 단위 작업으로 분해하고, 일정·담당자·의존관계·크리티컬 패스를 도출하는 문서입니다.

## 이런 상황에서 써요

- 프로젝트 전체 일정을 산정할 때
- 작업별 담당자와 순서를 정할 때
- 크리티컬 패스(지연 시 전체에 영향 주는 작업)를 파악할 때
- 마일스톤(주요 완료 시점)을 설정할 때

## 시작하는 방법

1. `plan-wbs` 폴더에서 Claude Code를 실행합니다 (터미널에 `claude` 입력)
2. `input/` 폴더에 참고 자료를 넣어두면 자동으로 참조합니다
3. `output/` 폴더에 FN·IA 산출물이 있으면 기능 목록과 페이지 수 기반으로 공수를 자동 산정합니다

## 어떻게 쓰나요?

다음과 같이 말해보세요.

- ""일정 짜줘""
- ""얼마나 걸리는지 산정해줘""
- ""작업 분해해줘""

## 어떤 결과가 나오나요?

| 항목 | 내용 |
|------|------|
| 작업 목록 | 단계별 작업 분해 (WBS 코드 포함) |
| 일정 산정 | 각 작업의 예상 소요 기간 |
| 담당자 배정 | 작업별 담당 역할 |
| 간트 차트 | 전체 일정 타임라인 시각화 |
| 크리티컬 패스 | 지연 시 전체 일정에 영향 주는 경로 |
| 마일스톤 | 주요 완료 시점 목록 |

## 결과물 저장 위치

`output/{프로젝트명}/{날짜}/WBS_{프로젝트코드}_v1.0.md` + `.html` + `.pdf`
",⚡,2026-03-20 07:58:04.739871+00,5,1.0.0,{},10000006
37f60082-c251-472c-82bf-d3f29063627f,정보구조도(IA),37f60082-c251-472c-82bf-d3f29063627f/mmvamyqf_04_.md,44f1d740-87cf-4547-9766-b513f0e042ae,2026-03-05 05:11:33.029908+00,6a3d7c1a-9d15-411b-9b43-96b6e3539b88,published,사이트 전체 페이지 구조와 Depth를 설계 후 문서화 합니다.,"# 정보구조도(IA)

사이트의 페이지 계층, 메뉴 체계, URL 구조를 설계한 문서입니다.

## 이런 상황에서 써요

- 전체 사이트 구조와 Depth(깊이)를 정리할 때
- GNB(상단 메뉴), LNB(사이드 메뉴) 구조를 설계할 때
- URL 체계를 정할 때
- 신규 구축 또는 리뉴얼 프로젝트의 구조를 설계할 때

## 시작하는 방법

1. `plan-ia` 폴더에서 Claude Code를 실행합니다 (터미널에 `claude` 입력)
2. `input/` 폴더에 참고 자료를 넣어두면 자동으로 참조합니다
3. `output/` 폴더에 REQ·FN 산출물이 있으면 요구사항 기반 페이지 매핑을 자동 생성합니다

## 어떻게 쓰나요?

다음과 같이 말해보세요.

- ""사이트맵 만들어줘""
- ""페이지 구조 잡아줘""
- ""메뉴 구조 설계해줘""

## 어떤 결과가 나오나요?

| 항목 | 내용 |
|------|------|
| 사이트맵 | 전체 페이지 계층 구조 |
| 페이지 인벤토리 | 각 페이지의 ID, 명칭, 설명 목록 |
| 네비게이션 설계 | GNB/LNB/BNB 구조 및 배치 |
| 콘텐츠 매핑 | 각 페이지에 들어갈 콘텐츠 유형 |
| URL 설계 | 페이지별 URL 규칙 및 예시 |

## 결과물 저장 위치

`output/{프로젝트명}/{날짜}/IA_{프로젝트코드}_v1.0.md` + `.html` + `.pdf`
",🗂️,2026-03-18 04:36:41.643206+00,2,1.0.0,{},10000004
549674a7-9324-4ed9-a096-63f4141b74df,화면설계서(SB),549674a7-9324-4ed9-a096-63f4141b74df/mmvasret_05_.md,44f1d740-87cf-4547-9766-b513f0e042ae,2026-03-05 05:13:07.451568+00,6a3d7c1a-9d15-411b-9b43-96b6e3539b88,published,기능정의서(FN)의 내용을 화면 레이아웃으로 구체화하여 html 또는 PDF로 문서화합니다.,"# 화면설계서(SB)

각 화면의 레이아웃, 구성 요소, 동작 방식을 시각적으로 정의한 문서입니다.

## 이런 상황에서 써요

- 디자인 시안 제작 전 화면 구성을 확정할 때
- 개발자에게 UI 동작 방식을 전달할 때
- 화면별 콘텐츠와 인터랙션을 정리할 때
- 클라이언트에게 화면 구성 방향을 보여줄 때

## 시작하는 방법

1. `plan-sb` 폴더에서 Claude Code를 실행합니다 (터미널에 `claude` 입력)
2. 아래 자료가 있으면 해당 폴더에 미리 배치하세요 — 자동으로 감지합니다

| 자료 종류 | 배치 위치 | 활용 방식 |
|-----------|-----------|-----------|
| 화면 구성 JSON | `data/` 또는 `input/` | 화면 목록·설명을 JSON으로 제공하면 자동 반영 |
| 화면 이미지 (PNG/JPG) | `input/` | 이미지를 AI가 분석해 레이아웃 요소 자동 도출 |
| FN·IA 산출물 | `output/{프로젝트명}/context/` | 연계 모드 활성화 — 기능 ID, 페이지 경로 자동 반영 |

3. 아래 예시처럼 자연어로 요청하면 됩니다

## 어떻게 쓰나요?

다음과 같이 말해보세요.

- ""화면설계서 만들어줘""
- ""화면 구성 정리해줘""
- ""기존 SB 업데이트해줘"" (운영 모드 — 버전 자동 증가)

## 주요 기능

| 기능 | 설명 |
|------|------|
| HTML→PDF 변환 | 화면설계서를 PDF로 자동 변환 |
| 테마 프리셋 | default / kmvno / 커스텀 중 선택 |
| 4종 프레임 | Design / Description / MSG Case / Component Guide |
| 이미지 Vision 분석 | `input/`에 PNG/JPG 배치 시 AI가 레이아웃 요소 자동 도출 |
| v1/v2 자동 정규화 | 이전 버전 형식도 자동 변환 |
| 운영 모드 | 기존 SB JSON 수정 요청 시 AS-IS 보존 + 버전 자동 증가 (v1.0 → v1.1) |

## 어떤 결과가 나오나요?

| 항목 | 내용 |
|------|------|
| Cover | 문서 표지 |
| History | 수정 이력 |
| Overview | 전체 화면 구성 요약 |
| Screen | 개별 화면 상세 설계 |
| Divider | 섹션 구분 |
| End of Document | 문서 마지막 |

## FN과 SB의 차이

| 구분 | FN (기능명세서) | SB (화면설계서) |
|------|----------------|----------------|
| 핵심 | 동작 명세 | 시각 명세 |
| 주요 대상 | 개발자 | 디자이너 |
| 주요 내용 | 로직, 에러 처리 | 레이아웃, UI 요소 |

## 알아두면 좋은 것

- **Divider 슬라이드**: JSON에서 `hasDivider: true` 와 `divider` 객체를 **둘 다** 작성해야 Divider 슬라이드가 생성됩니다. `hasDivider: true` 단독으로는 생성되지 않습니다.
- **출력 폴더명**: JSON의 `project.serviceName` 값이 폴더명으로 사용됩니다. (`project.id`가 아님)
- **이미지 모드**: `uiImagePath`가 설정된 화면은 이미지로 표시되며, 와이어프레임과 동시에 표시되지 않습니다.

## 결과물 저장 위치

`output/{서비스명}/{날짜}/{파일명}.html` + `.pdf`

예시: `output/비짓강남/20260311/비짓강남_SB_v1.0.html`
",✏️,2026-03-18 07:41:08.736681+00,7,1.0.0,{},10000005
9602b379-6f00-480b-a739-c1f7158dc585,마케팅 분석 자동화 시스템,9602b379-6f00-480b-a739-c1f7158dc585/mmvavmxe_08___.md,a8de2309-4e3d-49e0-80e8-26d980492a26,2026-03-05 09:43:08.019709+00,6a3d7c1a-9d15-411b-9b43-96b6e3539b88,published,"통신사 판매 채널(KT/SK/LG U+)을 중심으로 마케팅을 분석하고, AI 검색 엔진 최적화(GEO/AEO) 전략을 수립하는 자동화 시스템입니다.","# 마케팅 분석 자동화 시스템

통신사 판매 채널(KT/SK/LG U+)을 중심으로 마케팅을 분석하고, AI 검색 엔진 최적화(GEO/AEO) 전략을 수립하는 자동화 시스템입니다.

## 주요 기능

**1. 자동 트리거 기반 분석 실행**

상품명이나 분석 요청을 입력하면 자동으로 분석이 시작됩니다.

**2. 6단계 순차 분석**

| 단계 | 내용 |
|------|------|
| Step 0 | 컨텍스트 구성 (상품 기본 정보 파악) |
| Step 1 | 브랜드/상품 리서치 |
| Step 2 | 사례 분석 + GEO 현황 점검 |
| Step 3 | AI 프롬프트 매핑 |
| Step 4 | 인용/노출 최적화 전략 수립 |
| Step 5 | 통합 보고서 작성 |

**3. 통신사별 심층 분석**

KT / SK / LG U+ 각각의 마케팅 현황을 개별 보고서로 제공합니다.

**4. GEO/AEO 전략 수립**

상품 출시 5단계별 AI 검색 최적화 전략을 수립합니다.

**5. 이전 모델 → 현재 모델 전략 연결**

단종 또는 이전 모델과의 연관 마케팅 전략을 연결합니다.

## 에이전트 구성

| 에이전트 | 역할 |
|----------|------|
| brand-researcher | 브랜드 및 상품 정보 수집 |
| case-analyst | 사례 분석 및 GEO 현황 파악 |
| ai-prompt-analyst | AI 프롬프트 최적화 분석 |
| citation-optimizer | 인용 및 노출 최적화 |
| qa-reviewer | 결과물 품질 검수 |

## 결과물 저장 위치

`output/[제품명]/[YYYY-MM-DD]-run[N]/`
",📡,2026-03-23 06:41:37.327963+00,3,1.0.0,{},10000008
fbe3b02d-90f7-4bd0-ae1d-01d47f4e9888,상품 상세페이지 마케팅 문구 생성 & 벤치마킹,fbe3b02d-90f7-4bd0-ae1d-01d47f4e9888/mmvawhxq_10____.md,a8de2309-4e3d-49e0-80e8-26d980492a26,2026-03-05 09:49:23.003933+00,6a3d7c1a-9d15-411b-9b43-96b6e3539b88,published,"상품 정보를 입력하면 트렌드 조사부터 3방향 카피 생성, 검수, 정제, GEO 최적화, 9섹션 상세페이지 카피까지 자동으로 완성합니다.","# 상품 상세페이지 마케팅 문구

상품 정보를 입력하면 트렌드 조사부터 3방향 카피 생성, 검수, 정제, GEO 최적화, 9섹션 상세페이지 카피까지 자동으로 완성합니다.

## 사용 환경

- Claude Code에서 실행
- `AX_M_Text/` 디렉토리를 작업 폴더로 지정
- 인터넷 연결 필요

## 어떻게 쓰나요?

상품에 대한 정보나 카피 작성 요청을 입력하면 자동으로 시작됩니다.

**필수 입력 항목**

| 항목 | 설명 |
|------|------|
| product_name | 상품명 |
| page_type | 페이지 유형 (상세페이지/랜딩페이지 등) |
| target_audience | 타깃 고객층 |
| tone | 카피 톤앤매너 |
| usp | 핵심 차별점 |
| keywords | 주요 키워드 |
| budget_period | 예산/기간 |
| brand_voice | 브랜드 보이스 |
| competitors | 경쟁 상품 |
| additional_context | 기타 참고 정보 |

**톤앤매너 프리셋 8종**

감성형 / 전문가형 / 친근형 / 프리미엄형 / 유머형 / 긴급형 / 스토리형 / 데이터형

## 핵심 기능

| 기능 | 내용 |
|------|------|
| 트렌드 조사 | 최신 마케팅 트렌드 자동 수집 |
| 3방향 카피 생성 | 감성형 / 혜택형 / 긴급형 동시 생성 |
| 2단계 검수 | Gate1(70점) → Gate2(85점) 순차 검수 |
| 정제 & A/B 변형 | 채택된 카피의 A/B 테스트용 버전 생성 |
| GEO 최적화 | AI 검색 엔진 노출 최적화 |
| 9섹션 상세페이지 카피 | 페이지 전체 카피 자동 완성 |
| 벤치마킹 리포트 | 경쟁사 카피 분석 |

## 3방향 카피 프레임워크

| 방향 | 전략 | 특징 |
|------|------|------|
| 감성형 | AIDA + 스토리텔링 | 공감과 감동으로 접근 |
| 혜택형 | PAS + Hormozi + 수치 비교 | 구체적 혜택과 수치 강조 |
| 긴급형 | FOMO + 한정/시간제한 | 지금 사야 하는 이유 강조 |

## 상세페이지 9섹션

| 섹션 | 내용 |
|------|------|
| 1. 히어로 | 첫 인상 — 핵심 메시지 |
| 2. 문제 제기 | 고객의 불편함 공감 |
| 3. 솔루션 | 상품이 해결하는 방법 |
| 4. 핵심 기능/스펙 | 주요 기능 및 사양 |
| 5. 사회적 증거 | 리뷰, 후기, 수상 이력 |
| 6. 사용 시나리오 | 실제 사용 상황 묘사 |
| 7. 비교/차별화 | 경쟁 상품 대비 우위 |
| 8. 혜택/프로모션 | 현재 혜택과 프로모션 |
| 9. CTA/구매 유도 | 구매 버튼 및 행동 유도 |

## GEO 최적화 구성

- Q&A 8~10개 자동 생성
- 구조화 데이터 (Schema.org)
- E-E-A-T 시그널 강화
- 의도별 카피 4종 (정보 탐색/비교/구매/후기)
- 한국 시장 최적화

## 에이전트 구성

| 에이전트 | 모델 | 역할 |
|----------|------|------|
| trend-researcher × 4 | Sonnet | 트렌드 조사 |
| copy-writer × 3 | Opus | 카피 작성 |
| copy-reviewer | Sonnet→Opus | 1차 검수 |
| copy-refiner | Opus | 정제 및 A/B 변형 |
| geo-optimizer | Sonnet | GEO 최적화 |
| detail-page-writer × 3 | Opus | 9섹션 카피 작성 |

## 품질 검수 기준

| 게이트 | 기준 점수 | 모델 | 미통과 시 |
|--------|----------|------|----------|
| Gate 1 | 70점 | Sonnet | 재작성 |
| Gate 2 | 85점 | Opus | 재작성 |

## 자주 묻는 질문

**Q. 어떤 상품이든 가능한가요?**
A. 네. 통신사 요금제, 전자기기, 생활용품 등 다양한 상품에 적용할 수 있습니다.

**Q. 입력 항목을 다 채워야 하나요?**
A. 아닙니다. 상품명만 있어도 시작됩니다. 항목이 많을수록 결과물 품질이 높아집니다.

**Q. A/B 테스트 버전은 몇 개 나오나요?**
A. 방향별로 2~3가지 변형이 제공됩니다.

**Q. GEO 최적화가 따로 필요한가요?**
A. 별도 명령어 없이 자동으로 포함됩니다.

**Q. 9섹션 전부 생성되나요?**
A. 네. 상세페이지 9섹션 카피가 자동으로 전부 생성됩니다.

**Q. 검수 기준 점수 미달이면 어떻게 되나요?**
A. 자동으로 재작성을 시도합니다.

**Q. 경쟁사 분석은 어떻게 하나요?**
A. competitors 항목에 경쟁 상품명을 입력하면 자동으로 비교 분석합니다.

## 결과물 저장 위치

`output/{상품명}-{YYYYMMDD}-{HHmmss}/`
",✍️,2026-03-23 06:41:23.992427+00,3,1.0.0,{},10000010
f0d676cf-3783-4e32-b47b-a027cbe1f823,이벤트 배너 자동 생성,f0d676cf-3783-4e32-b47b-a027cbe1f823/mmvawyl5_11____.md,a8de2309-4e3d-49e0-80e8-26d980492a26,2026-03-05 10:06:19.82144+00,2acc735c-42b6-46e0-af63-0dbac5425970,published,"상품 정보를 입력하면 디자인 방향이 다른 10가지 배너를 한 번에 자동으로 생성합니다. 실사 사진 스타일, 19가지 사이즈를 지원하며, 생성 후 부분 수정(리파인)도 가능합니다.","# 이벤트 배너 자동 생성

상품 정보를 입력하면 디자인 방향이 다른 10가지 배너를 한 번에 자동으로 생성합니다. 실사 사진 스타일, 19가지 사이즈를 지원하며, 생성 후 부분 수정(리파인)도 가능합니다.

## 사용 환경

- Claude Code에서 실행
- `AX_Banner/` 디렉토리를 작업 폴더로 지정
- **Gemini API 키 필수** (`.env` 파일에 설정)
- Python 의존성 설치 필요
- 인터넷 연결 필요

## 어떻게 쓰나요?

**필수 입력 항목**

| 항목 | 설명 |
|------|------|
| product_name | 상품명 |
| event_type | 이벤트 유형 |
| headline | 메인 문구 |
| subtext | 서브 문구 |
| cta_text | 버튼 문구 |
| banner_size | 사이즈 프리셋 |
| brand_colors | 브랜드 컬러 |
| style_preference | 스타일 방향 |
| trend_mode | 트렌드 분석 방식 |

입력 후 CP1 체크포인트에서 방향을 확인한 뒤 생성이 시작됩니다.

## 배너 사이즈 프리셋 19종

**SNS (6종)**

| 사이즈명 | 용도 |
|---------|------|
| facebook_feed | 페이스북 피드 |
| facebook_cover | 페이스북 커버 |
| instagram_square | 인스타그램 정방형 |
| instagram_story | 인스타그램 스토리 |
| instagram_landscape | 인스타그램 가로형 |
| youtube_thumbnail | 유튜브 썸네일 |

**웹배너 (7종)**

| 사이즈명 | 용도 |
|---------|------|
| web_hero | 웹 히어로 배너 |
| web_banner | 일반 웹 배너 |
| leaderboard | 리더보드 |
| medium_rectangle | 중형 직사각형 |
| large_rectangle | 대형 직사각형 |
| half_page | 하프 페이지 |
| skyscraper | 스카이스크래퍼 |

**한국 플랫폼 (5종)**

| 사이즈명 | 용도 |
|---------|------|
| naver_blog | 네이버 블로그 |
| naver_smartstore | 네이버 스마트스토어 |
| kakao_channel | 카카오 채널 |
| kakao_banner | 카카오 배너 |
| coupang | 쿠팡 |

## 10가지 디자인 변형

| 버전 | 스타일 |
|------|--------|
| V1 | 중앙집중 / 클린 |
| V2 | 좌측정렬 / 시네마틱 |
| V3 | 분할 / 미니멀 |
| V4 | 대각선 / 에너제틱 |
| V5 | 풀블리드 / 프리미엄 |
| V6 | 그라디언트메시 / 트렌디 |
| V7 | 타이포도미넌트 / 에디토리얼 |
| V8 | 네온글로우 / 사이버테크 |
| V9 | 콜라주멀티패널 / 레트로모던 |
| V10 | 3D오브젝트 / 미래지향 |

## 스타일 프리셋

| 프리셋 | 특징 |
|--------|------|
| cinematic | 영화적 분위기 |
| editorial | 잡지풍 편집 |
| minimal | 심플하고 깔끔함 |
| sales | 판매 강조 |
| premium | 고급스러운 느낌 |

## 이벤트 유형

| 유형 | 설명 |
|------|------|
| sale | 할인 행사 |
| launch | 신상품 출시 |
| seasonal | 시즌 이벤트 |
| promotion | 일반 프로모션 |
| announcement | 공지/안내 |

## 리파인 (부분 수정) 기능

생성된 배너를 부분 수정할 수 있습니다.

| 리파인 | 내용 |
|--------|------|
| R1 | 텍스트 배치 변경 |
| R2 | 구도 변경 |
| R3 | 비주얼 톤 변형 |

## 트렌드 분석 방식

| 방식 | 설명 |
|------|------|
| websearch | 웹 검색으로 최신 트렌드 수집 |
| reference | 입력한 참조 이미지 기반 분석 |
| builtin | 내장 데이터 기반 분석 |

## 에이전트 구성

| 에이전트 | 모델 | 역할 |
|----------|------|------|
| 01-intake | Haiku | 입력 정보 수집 및 정리 |
| 02-trend-analysis | Sonnet | 트렌드 분석 |
| 03-prompt-generator | Sonnet | 배너 생성 프롬프트 작성 |

## 필수 준수 사항

- 실사 사진 스타일로 생성 (일러스트 아님)
- 풀 블리드 (여백 없이 꽉 채운 디자인)
- 정확한 사이즈로 생성
- Gemini API 레이트 리밋: 요청 간 3초 간격 자동 적용

## 자주 묻는 질문

**Q. Gemini API 키가 없으면 사용할 수 없나요?**
A. 이 스킬은 Gemini API를 사용하므로 API 키가 반드시 필요합니다.

**Q. 10개 변형 중 원하는 스타일만 선택할 수 있나요?**
A. 기본적으로 10개 전부 생성되며, 결과물 중 원하는 것을 선택해 사용하면 됩니다.

**Q. 리파인은 몇 번까지 할 수 있나요?**
A. 횟수 제한 없이 R1~R3 리파인을 반복할 수 있습니다.

**Q. 참조 이미지를 넣으면 어떻게 활용되나요?**
A. 이미지를 분석해 스타일, 색상, 구도 방향을 파악하고 프롬프트에 반영합니다.

**Q. 생성된 이미지는 바로 사용 가능한가요?**
A. 네. 지정한 사이즈로 정확하게 생성됩니다.

**Q. 배경 이미지와 텍스트가 자동으로 합성되나요?**
A. 네. 배경과 텍스트가 하나의 완성된 배너로 생성됩니다.

**Q. SNS와 웹배너를 동시에 만들 수 있나요?**
A. banner_size 항목에 원하는 사이즈를 여러 개 지정하면 됩니다.

**Q. Python을 몰라도 사용할 수 있나요?**
A. 네. 명령어 입력만으로 자동 실행됩니다. Python은 설치만 되어 있으면 됩니다.

## 결과물 저장 위치

`output/{슬러그}_{타임스탬프}/`
",💡,2026-03-20 08:14:44.196552+00,8,1.0.0,{},10000011
6aa1072e-9120-4b0f-be2f-4697e509e0b3,검색 엔진 최적화(GEO),6aa1072e-9120-4b0f-be2f-4697e509e0b3/mmvaxbmk_12__GEO.md,a8de2309-4e3d-49e0-80e8-26d980492a26,2026-03-05 10:10:27.627027+00,6a3d7c1a-9d15-411b-9b43-96b6e3539b88,published,"AI 검색 엔진(ChatGPT, Claude, Perplexity 등)에서 콘텐츠가 잘 인용되고 추천받을 수 있도록 최적화합니다.","# 검색 엔진 최적화(GEO)

웹 페이지 URL을 입력하면 GEO 분석이 자동으로 시작됩니다. AI 검색 엔진(ChatGPT, Claude, Perplexity 등)에서 콘텐츠가 잘 인용되고 추천받을 수 있도록 최적화합니다.

## 사용 환경

- Claude Code에서 실행
- `AX_GEO/` 디렉토리를 작업 폴더로 지정
- 인터넷 연결 필요

## 어떻게 쓰나요?

URL을 입력하면 명령어 없이 바로 10단계 분석이 시작됩니다.

| 입력 형태 | 자동 실행 | 결과 |
|-----------|----------|------|
| URL만 입력 | 즉시 실행 | 전체 GEO 분석 |
| URL + 텍스트 | 즉시 실행 | 전체 GEO 분석 |
| /geo URL | 즉시 실행 | 전체 GEO 분석 |
| URL 2개 이상 | 즉시 실행 | 경쟁사 비교 분석 |

## 핵심 기능

| 기능 | 설명 |
|------|------|
| 기술 분석 | Schema.org, 메타 태그, 시맨틱 구조, 헤딩 계층 점검 |
| 콘텐츠 분석 | E-E-A-T 평가, AI 친화성, 인용 가능성 분석 |
| 예상 질문 생성 | AI 검색에서 나올 수 있는 질문 11개+ 자동 생성 |
| 개선안 도출 | 우선순위 매트릭스로 담당별·타임라인별 정리 |
| 산출물 자동 생성 | Schema JSON-LD, 메타 태그, FAQ, E-E-A-T 콘텐츠 즉시 적용 가능 |
| 콘텐츠 가이드 | 콘텐츠팀이 5분 만에 적용할 수 있는 단계별 가이드 |
| Pinpoint Guidance | CSS 선택자, DOM 경로로 수정 위치를 정확히 안내 |
| 경쟁사 비교 | URL 2개 이상 입력 시 자동으로 경쟁사 비교 분석 |

## 어떤 결과가 나오나요?

분석 완료 후 29개 파일이 생성됩니다.

| 역할 | 시작 파일 | 내용 |
|------|----------|------|
| 모든 사용자 | START-HERE.md | 전체 안내 + 적용 순서 |
| 경영진/의사결정자 | 00-summary.md | 5분 내 핵심 파악 |
| 개발자 | 05-technical-guide.md | Schema, 메타 태그 코드 복사-붙여넣기 |
| 콘텐츠팀 | artifacts/content-guide/00-quick-start.md | 5분 만에 핵심 3개 개선 |
| PM/기획자 | 04-improvements.md | 우선순위 및 타임라인 확인 |

## 품질 점수 기준

| 점수 | 등급 | 의미 |
|------|------|------|
| 9-10 | 우수 | 모범 사례 충족 |
| 7-8 | 양호 | 소소한 개선 필요 |
| 5-6 | 보통 | 주요 개선 필요 |
| 3-4 | 미흡 | 상당한 작업 필요 |
| 1-2 | 부족 | 전면 재작업 필요 |

종합 점수: (기술 × 35%) + (콘텐츠 × 35%) + (AI친화성 × 30%)

## 4회 품질 검수

모든 분석은 4번의 품질 게이트를 통과해야 합니다.

| 게이트 | 시점 | 검수 내용 | 미통과 시 |
|--------|------|----------|----------|
| #1 | 분석 완료 후 | 기술/콘텐츠 분석 12항목 완료, 증거 기반 | 누락 항목 재분석 |
| #2 | 질문 생성 후 | 질문 11개 이상, 유형별 최소 개수 | 부족분 추가 생성 |
| #3 | 산출물 생성 후 | JSON-LD 문법, Schema 속성, FAQ 5개 이상 | 오류 수정 후 재검증 |
| #4 | 최종 완료 후 | 29개 파일 전부 존재 | 누락 파일 즉시 생성 |

검수 실패 시 자동 재시도(최대 3회), 3회 초과 시 알림합니다.

## Pinpoint Guidance 시스템

콘텐츠 담당자가 어디를 어떻게 수정해야 하는지 정확히 안내합니다.

- 브라우저 F12 개발자 도구 사용법, Ctrl+F 검색어 제공
- CSS 선택자/DOM 경로 제공
- 실제 페이지에서 추출한 현재 HTML 스냅샷 제공
- 수정 후 검증 체크리스트 (F12 확인, 새로고침, 모바일 확인)

## 에이전트 구성 (7개)

| 에이전트 | 모델 | 역할 |
|----------|------|------|
| geo-orchestrator | Opus | 워크플로우 총괄, 파일 생성 |
| geo-analyzer | Opus | 기술·콘텐츠 깊이 분석 |
| geo-questions | Opus | 예상 질문 생성 |
| geo-content-writer | Opus | 콘텐츠 가이드 시스템 작성 |
| geo-comparator | Opus | 경쟁사 비교 분석 |
| geo-validator | Sonnet | 품질 검수 (4회 게이트) |
| geo-generator | Sonnet | Schema, 메타, FAQ 등 산출물 생성 |

## 분석 후 추가 요청

분석 완료 후에도 부분 재생성이나 추가 요청이 가능합니다.

| 요청 예시 | 실행 내용 |
|----------|----------|
| ""Schema 더 추가해줘"" | Schema 생성기 재실행 |
| ""FAQ 더 만들어줘"" | FAQ 생성기 추가 실행 |
| ""콘텐츠 더 작성해줘"" | 콘텐츠 최적화 추가 실행 |
| ""이전 분석과 비교해줘"" | 히스토리 비교 |
| ""메타태그 수정해줘"" | 메타 태그 생성기 재실행 |

## 자주 묻는 질문

**Q. URL만 입력하면 바로 시작되나요?**
A. 네. URL이 감지되면 별도 명령어나 확인 없이 자동으로 10단계 분석이 시작됩니다.

**Q. GEO가 SEO와 다른 점이 뭔가요?**
A. SEO는 검색 순위를 높이는 것이고, GEO는 AI가 답변할 때 출처로 인용되도록 최적화하는 것입니다.

**Q. 같은 URL을 다시 분석하면 이전 결과가 사라지나요?**
A. 아닙니다. 매번 날짜와 시간이 포함된 새 폴더가 만들어지며, 이전 결과는 보존됩니다.

**Q. 경쟁사 비교는 어떻게 하나요?**
A. URL을 2개 이상 입력하면 자동으로 비교 분석 모드로 전환됩니다. 첫 번째 URL이 기준, 나머지가 경쟁사입니다.

**Q. 생성된 결과물은 어떻게 적용하나요?**
A. START-HERE.md를 먼저 읽으면 역할별 적용 순서가 안내됩니다.

**Q. 분석 결과의 정확성은 어떻게 보장되나요?**
A. 4회 품질 게이트를 통과해야 하며, 모든 분석은 추측 없이 실제 HTML에서 확인된 사실만 기반합니다.

**Q. 어떤 종류의 페이지도 분석 가능한가요?**
A. 쇼핑몰, 블로그, 기업 서비스 페이지 등 다양한 페이지 유형을 자동 판별해 분석합니다.

## 결과물 저장 위치

`output/geo/{도메인}/{YYYY-MM-DD_HH-MM}/`
",📈,2026-03-20 08:14:48.979316+00,3,1.0.0,"{GEO,마케팅}",10000012
48f591f6-ed6d-4797-a413-5c99ae8f7d13,고객질의서,48f591f6-ed6d-4797-a413-5c99ae8f7d13/mmvaq0nw_01_.md,44f1d740-87cf-4547-9766-b513f0e042ae,2026-03-05 05:06:58.493251+00,6a3d7c1a-9d15-411b-9b43-96b6e3539b88,published,"고객에게 물어봐야 할 질문들을 자동으로 정리하여, 문서화합니다.","# 고객질의서(QST)

프로젝트를 시작하기 전에 클라이언트에게 확인해야 할 내용을 정리한 질의서입니다. 사업 목표, 예산, 일정, 요구사항 등을 체계적으로 파악합니다.

## 이런 상황에서 써요

- 프로젝트 킥오프 전 클라이언트 인터뷰를 준비할 때
- 요구사항이 불명확해서 먼저 정리가 필요할 때
- 견적이나 제안서 작성 전에 기본 정보를 수집할 때

## 시작하는 방법

1. `plan-qst` 폴더에서 Claude Code를 실행합니다 (터미널에 `claude` 입력)
2. `input/` 폴더에 참고 자료(RFP, 제안서, 미팅 메모 등)를 넣어두면 자동으로 참조합니다
3. 아래 예시처럼 자연어로 요청하면 됩니다

## 어떻게 쓰나요?

다음과 같이 말해보세요.

- ""질의서 만들어줘""
- ""고객에게 뭘 물어봐야 해?""
- ""QST 작성해줘""

## 어떤 결과가 나오나요?

| 항목 | 내용 |
|------|------|
| 비즈니스 목표 | 프로젝트의 목적, KPI, 성공 기준 |
| 타깃 사용자 | 주요 사용자층, 페르소나 |
| 기능 요구사항 | 필요한 기능 목록 (Must/Should/Could) |
| 비기능 요구사항 | 성능, 보안, 접근성 기준 |
| 예산 및 일정 | 총 예산 범위, 론칭 목표 일정 |
| 기술 환경 | 현재 사용 중인 플랫폼, 시스템 |

## 결과물 저장 위치

`output/{프로젝트명}/{날짜}/QST_{프로젝트코드}_v1.0.md`
",🔍,2026-03-20 08:14:58.091591+00,4,1.0.0,{},10000001
7f03d450-f9e5-429c-8b2b-b3080d2050a9,디자인 프롬프트 5종 자동 생성,7f03d450-f9e5-429c-8b2b-b3080d2050a9/mmvaw4nd_09___5.md,a8de2309-4e3d-49e0-80e8-26d980492a26,2026-03-05 09:46:29.766714+00,2acc735c-42b6-46e0-af63-0dbac5425970,published,"URL, 이미지, 또는 텍스트 입력을 분석하여 Awwwards 수준의 프리미엄 웹사이트 디자인 시안 프롬프트를 5가지 버전(+V6 확장)으로 자동 생성하는 Claude Code 기반 자동화 스킬입니다.","# 디자인 프롬프트 5종 자동 생성

URL, 이미지, 텍스트 중 하나를 입력하면 디자인 방향이 서로 다른 5종 프롬프트를 자동으로 생성합니다. Figma Make, Google Stitch에 바로 사용할 수 있도록 최적화됩니다.

## 사용 환경

- Claude Code에서 실행
- `AX_D_P/` 디렉토리를 작업 폴더로 지정
- 인터넷 연결 필요

## 어떻게 쓰나요?

입력만 하면 자동으로 실행됩니다. `/design-prompt` 명령어를 쓰거나, URL이나 이미지를 그냥 넣어도 됩니다.

지원하는 참조 문서 형식: pdf, txt, md, docx, pptx, xlsx, hwp, csv, json

## 생성되는 프롬프트 5종 (+V6)

| 버전 | 이름 | 방향 |
|------|------|------|
| V1 | 충실반영 | 현재 디자인을 그대로 충실히 반영 |
| V2 | 트렌드반영 | 최신 디자인 트렌드를 적용 |
| V3 | 비판적대안 | 현재 방식을 비판적으로 재해석 |
| V4 | 건설적수용 | V1을 70~80% 유지하면서 개선 |
| V5 | 큐트트렌드 | 귀엽고 트렌디한 스타일 |
| V6 | 몰입형큐트 (선택) | 더욱 강렬한 큐트 스타일 |

## 핵심 규칙

- 결과물 기술 스택: React + TypeScript + Vite SPA
- 기본 폰트: Pretendard
- 매번 다른 고유한 프롬프트 생성
- 프롬프트 언어: 영어

## 품질 검수

| 등급 | 기준 |
|------|------|
| A | 최상급 — 즉시 사용 가능 |
| B | 양호 — 소소한 수정 필요 (최소 기준) |
| C | 보통 — 상당한 수정 필요 |
| D | 미흡 — 재생성 권고 |

B등급 이상만 최종 출력됩니다.

## 에이전트 구성 (11개)

| 에이전트 | 역할 |
|----------|------|
| orchestrator | 전체 흐름 관리 |
| content-analyzer | 입력 콘텐츠 분석 |
| prompt-writer | 프롬프트 초안 작성 |
| trend-analyst | 트렌드 분석 |
| design-critic | 비판적 관점 제시 |
| constructive-critic | 건설적 개선안 제시 |
| cute-trendsetter | 큐트 스타일 특화 |
| quality-reviewer | 품질 검수 |
| figma-adapter | Figma Make용 최적화 |
| stitch-adapter | Google Stitch용 최적화 |
| custom-adapter | 커스텀 프롬프트 생성 |

## 출력물 활용 가이드

| 도구 | 활용 방법 |
|------|----------|
| 기본 프롬프트 | 5종 프롬프트 파일 직접 사용 |
| Figma Make | `figma-make-merged/` 폴더 활용 |
| Google Stitch | `stitch-merged/` 폴더 활용 |

## 자주 묻는 질문

**Q. URL을 넣으면 어떻게 되나요?**
A. 해당 URL의 사이트를 분석해서 디자인 방향을 파악하고, 5종 프롬프트를 자동으로 생성합니다.

**Q. 이미지와 URL을 동시에 넣어도 되나요?**
A. 네. 여러 종류의 입력을 동시에 넣으면 모두 참고해서 분석합니다.

**Q. Figma Make와 Google Stitch가 뭔가요?**
A. AI 기반 디자인 생성 도구입니다. 각각에 최적화된 프롬프트 형식으로 별도 제공됩니다.

**Q. 매번 같은 프롬프트가 나오나요?**
A. 아닙니다. 매번 고유하게 생성됩니다.

**Q. 생성에 얼마나 걸리나요?**
A. 11개 에이전트가 작업하므로 입력 복잡도에 따라 다르지만, 일반적으로 수 분 내에 완료됩니다.

**Q. B등급 미만이면 어떻게 되나요?**
A. 자동으로 재생성을 시도합니다.

## 결과물 저장 위치

`output/{프로젝트명}-{YYYYMMDD-HHmmss}/`
",🤖,2026-03-20 08:14:33.554174+00,3,1.0.0,{},10000009
ce292a81-f49d-40f8-98a4-71e0e3bed007,기능명세서,ce292a81-f49d-40f8-98a4-71e0e3bed007/mmvas95o_03_.md,44f1d740-87cf-4547-9766-b513f0e042ae,2026-03-05 05:09:58.936511+00,6a3d7c1a-9d15-411b-9b43-96b6e3539b88,published,요구 사항에 따른 화면 구성 요소와 동작 흐름을 정의하여 문서화 합니다.,"# 기능명세서(FN)

각 기능의 입력-처리-출력과 정상/예외/에러 시나리오를 상세하게 정의한 문서입니다.

## 이런 상황에서 써요

- 요구사항 정의 후 기능을 구체적으로 설계할 때
- 개발자에게 기능 동작 방식을 전달할 때
- QA 테스트 케이스 작성의 기준이 필요할 때

## 시작하는 방법

1. `plan-fn` 폴더에서 Claude Code를 실행합니다 (터미널에 `claude` 입력)
2. `input/` 폴더에 참고 자료를 넣어두면 자동으로 참조합니다
3. `output/` 폴더에 REQ 산출물이 있으면 FR→FN 매핑과 추적성 매트릭스를 자동 생성합니다

## 어떻게 쓰나요?

다음과 같이 말해보세요.

- ""기능 상세 정의해줘""
- ""기능 명세 만들어줘""
- ""각 기능이 어떻게 동작하는지 정리해줘""

## 어떤 결과가 나오나요?

| 항목 | 내용 |
|------|------|
| 화면 구성 | 기능이 표시되는 화면, UI 요소 |
| 입력 | 사용자가 입력하는 값, 조건 |
| 처리 | 시스템이 수행하는 동작 |
| 출력 | 기능 실행 후 보여지는 결과 |
| 검증 기준 | 정상/예외/에러 시나리오별 통과 조건 |

## 이 문서를 읽는 사람은?

- **디자이너**: 화면에 어떤 요소가 필요한지 파악
- **개발자**: 기능 로직과 예외 처리 방식 확인
- **QA 담당자**: 테스트 기준과 시나리오 수립

## 결과물 저장 위치

`output/{프로젝트명}/{날짜}/FN_{프로젝트코드}_v1.0.md` + `.html` + `.pdf`
",🔧,2026-03-18 04:37:16.915089+00,2,1.0.0,{},10000003
b23209f7-5201-4f0b-a54d-9e4f4f6ac3eb,와이어프레임 생성,b23209f7-5201-4f0b-a54d-9e4f4f6ac3eb/mmvau8cu_07__.md,4b707c2e-1653-4e66-8500-b76a75813597,2026-03-05 08:03:31.231476+00,2acc735c-42b6-46e0-af63-0dbac5425970,published,"상품 자료를 넣고 명령하면, 브랜드에 맞는 상세페이지 와이어프레임(HTML/CSS)이 자동 생성됩니다","# 와이어프레임 생성

상품 정보와 브랜드 자료를 넣으면, 마케팅 리서치부터 카피 작성, 와이어프레임 제작까지 자동으로 진행합니다.

## 이런 상황에서 써요

- 상품 상세 페이지나 랜딩 페이지 기획이 필요할 때
- 마케팅 카피와 화면 구성을 한 번에 잡고 싶을 때

## 어떻게 쓰나요?

**1단계: 자료 넣기**

| 파일 종류 | 설명 |
|----------|------|
| 브리프 | 상품 설명, 타깃, 톤앤매너 등 기본 정보 |
| 기존 산출물 | 이전에 만든 기획 문서 (있으면 활용) |
| 상품 사진 | 제품 이미지 파일 |

**2단계: 실행**

- `/start 제품명` 이라고 입력하거나
- ""XX 상품 와이어프레임 만들어줘"" 처럼 자연어로 말해도 됩니다.

**3단계: 결과 확인**

`archive/` 폴더에 결과물이 저장됩니다.

## 어떤 결과가 나오나요?

| 폴더 | 내용 |
|------|------|
| research/ | 시장 트렌드, 경쟁사 분석 결과 |
| copy/ | 섹션별 마케팅 카피 |
| wireframe/ | 화면 구성 와이어프레임 |

## 피그마 연동 (선택)

Figma MCP를 설정하면 와이어프레임을 피그마로 바로 내보낼 수 있습니다. 설정 방법은 README.md를 참고하세요.

## 같은 브랜드 또 작업할 때

이전에 분석한 브랜드 자료가 `archive/` 폴더에 저장되어 있어, 동일 브랜드 재작업 시 이전 분석을 그대로 활용합니다.

## 주요 명령어

| 명령어 | 설명 |
|--------|------|
| /start | 새 프로젝트 시작 |
| /create-page | 추가 페이지 생성 |
| /status | 현재 진행 상황 확인 |

## 결과물 저장 위치

`archive/{상품명}_{날짜}/`
",🖼️,2026-03-20 08:14:40.283615+00,4,2.0.0,{},10000007
